Question,Answer
what do rabbits eat,
how long do rabbits live,
do rabbits hibernate,
where do rabbits live,
do rabbits eat carrots,
how long do rabbits live as pets,
what do rabbits eat in the wild,
how many babies do rabbits have,
what do rabbits like to eat,
do snakes eat rabbits,
do rabbits lay eggs,
do rabbits eat meat,
do rabbits eat tomatoes,
do rabbits bite,
do rabbits eat grass,
do foxes eat rabbits,
when do rabbits have babies,
do cats eat rabbits,
what do rabbits symbolize,
do rabbits make noise,
do rabbits eat apples,
do rabbits mate for life,
why do rabbits thump,
do rabbits eat celery,
do rabbits dig holes,
do rabbits hibernate in the winter,
do owls eat rabbits,
do rabbits sleep with their eyes open,
how long do rabbits live at home,
do rabbits eat zinnias,
do rabbits eat mice,
do rabbits eat corn,
do rabbits purr,
do rabbits eat their poop,
how many teeth do rabbits have,
do rabbits eat pineapple,
do rabbits make good pets,
do rabbits have rabies,
where do rabbits sleep,
do rabbits fart,
do rabbits like carrots,
when do rabbits sleep,
how do rabbits sleep,
do rabbits eat peanuts,
what do rabbits eat in the winter,
how do rabbits mate,
do rabbits blink,
do rabbits eat cabbage,
where do rabbits go in the winter,
do rabbits get fleas,
do rabbits eat broccoli,
do rabbits eat insects,
do rabbits have whiskers,
do rabbits have paw pads,
do rabbits carry diseases,
can rabbits vomit,
do rabbits eat bananas,
what do rabbits represent,
do rabbits live underground,
do rabbits carry rabies,
why do rabbits eat their poop,
do rabbits shed,
do rabbits swim,
do rabbits need vaccines,
do rabbits have claws,
do rabbits have periods,
how do rabbits feed their babies,
do rabbits like tomatoes,
do rabbits like apples,
do rabbits drink water,
do rabbits sleep at night,
do rabbits play dead,
do rabbits have good eyesight,
do rabbits like celery,
do rabbits eat their babies,
how do rabbits see,
do rabbits need a friend,
do rabbits go into heat,
why do rabbits have red eyes,
why do rabbits poop so much,
how do rabbits give birth,
do rabbits and cats get along,
do rabbits like strawberries,
what do rabbits do in the winter,
how do rabbits survive winter,
why do rabbits dig holes,
do rabbits burrow,
what do rabbits need in their cage,
do rabbits like cucumbers,
do rabbits like bananas,
when do rabbits mate,
do rabbits get rabies,
do rabbits smell,
do rabbits sneeze,
what do rabbits eat in minecraft,
how much do rabbits sleep,
do rabbits have good hearing,
do rabbits cry,
when do rabbits stop growing,
do rabbits get cold,
do rabbits eat their own poop,
do rabbits scream,
do rabbits come out at night,
do rabbits sweat,
do rabbits nurse their young,
do rabbits burrow underground,
do rabbits eat yarrow,
do rabbits bite humans,
do rabbits,
do rabbits eat vinca,
do rabbits like broccoli,
why do rabbits lick you,
do rabbits see color,
do rabbits teeth keep growing,
why do rabbits have long ears,
do rabbits eat zucchini,
do rabbits have night vision,
do rabbits get periods,
do rabbits like to be held,
do rabbits growl,
where do rabbits like to be pet,
what do rabbits do,
how much do rabbits eat,
do rabbits need salt licks,
do rabbits like cabbage,
what do rabbits play with,
when do rabbits breed,
what do rabbits like,
do rabbits eat echinacea,
why do rabbits kill their first litter,
how long do lop rabbits live,
do rabbits eat verbena,
do rabbits and chickens get along,
do rabbits have paws,
do rabbits actually like carrots,
do rabbits use litter boxes,
why do rabbits bite,
why do rabbits mate so much,
when do rabbits hibernate,
where do rabbits live in the world,
do rabbits need baths,
what do rabbits sound like,
how do rabbits see humans,
do jack rabbits eat meat,
do rabbits vomit,
why do rabbits stomp their feet,
do rabbits poop a lot,
do rabbits kill guinea pigs,
do rabbits dig,
why do rabbits dig,
what do rabbits taste like,
do rabbits have horns,
how much do rabbits weigh,
do rabbits dream,
do rabbits fight,
do rabbits carry fleas,
why do rabbits thump their feet,
do rabbits eat zucchini plants,
when do rabbits shed,
do rabbits need hay,
do rabbits pee,
do rabbits love their owners,
why do rabbits shake,
why do rabbits noses twitch,
do rabbits get lonely,
do rabbits bite people,
do rabbits squeak,
how do rabbits stay warm in the winter,
do rabbits fight each other,
why do rabbits twitch their nose,
where do rabbits sleep at night,
when do rabbits molt,
do rabbits need bedding,
do rabbits molt,
do rabbits attack humans,
do rabbits store food for the winter,
do rabbits kill their babies,
when do rabbits start breeding,
why do rabbits like carrots,
do rabbits play with toys,
do rabbits throw up,
do rabbits get along with cats,
when do rabbits go into heat,
do rabbits dig tunnels,
do rabbits kill mice,
what do rabbits like to do,
why do rabbits eat their babies,
do rabbits have antlers,
do rabbits have babies in the winter,
do rabbits and dogs get along,
do rabbits like music,
where do rabbits live in the winter,
do rabbits eat violas,
do rabbits poop everywhere,
do rabbits kill each other,
do rabbits need salt,
do rabbits actually eat carrots,
do rabbits attract mice,
do rabbits need vitamin c,
where do rabbits live in the wild,
do rabbits chew wires,
do rabbits really like carrots,
do rabbits sleep with eyes open,
how much do rabbits poop,
where do rabbits have their babies,
why do rabbits breed so much,
do rabbits need sunlight,
do rabbits wag their tails,
do rabbits like to be pet,
do rabbits eat weeds,
do rabbits drink milk,
do rabbits inbreed,
where do rabbits spawn in minecraft,
5 facts about rabbits,
do rabbits dig burrows,
do rabbits produce milk,
do rabbits die easily,
do rabbits spray,
do rabbits get vaccines,
do rabbits make a sound,
how do rabbits communicate with each other,
does a rabbit hibernate,
when do rabbits reach sexual maturity,
do rabbits mate a lot,
do rabbits burrow in the ground,
how do rabbits communicate,
how do rabbits get ear mites,
do rabbits like zucchini,
do rabbits keep mice away,
how much do rabbits poop a day,
do rabbits get worms,
do rabbits dig holes in your yard,
3 rabbits meaning,
do rabbits go in heat,
do rabbits breathe fast,
do rabbits bark,
how do rabbits drink water,
do rabbits taste good,
do rabbits know their owners,
do rabbits climb trees,
do rabbits dig under fences,
do rabbits get along with dogs,
do rabbits kill chickens,
do rabbits attack,
do rabbits and rats get along,
do rabbits need a heat lamp,
do rabbits need pellets,
rabbit doe,
do rabbits clean themselves,
do rabbits recognize their owners,
do rabbits play,
do rabbits really eat carrots,
how do rabbits have babies,
do rabbits bond with humans,
do rabbits chew wood,
do rabbits menstruate,
how do rabbits apologize,
do rabbits walk,
do rabbits watch tv,
do rabbits jump,
do wild rabbits eat,
do rabbits shed a lot,
do rabbits pee a lot,
do rabbits take dust baths,
why do rabbits dig on you,
do rabbits thump for attention,
how much do rabbits reproduce,
do rabbits feel love,
do rabbits make good indoor pets,
why do rabbits have tails,
do rabbits only eat plants,
do rabbits attract rats,
do rabbits kill rats,
do rabbits get hiccups,
do rabbits kill snakes,
do rabbits breed a lot,
do rabbits make nests,
when do rabbits have their babies,
do rabbits know how to swim,
do rabbits and chinchillas get along,
do rabbits run or hop,
where do rabbits sleep in the winter,
do rabbits have toe beans,
do rabbits snore,
do rabbits reproduce fast,
do rabbits burp,
where do rabbits originate from,
how much do rabbits eat a day,
do rabbits take baths,
where do rabbits hibernate,
when do rabbits open their eyes,
do rabbits understand humans,
do rabbits mark their territory,
do rabbits inbreed in the wild,
do rabbits have vocal cords,
questions about rabbits,
do rabbits wag their tails when happy,
do rabbits kill themselves,
how much do rabbits drink a day,
do rabbits jump high,
do rabbits eat zinnia seedlings,
do rabbits feel pain,
do rabbits migrate,
do rabbits need to be in pairs,
how do rabbits like to be pet,
do rabbits pant,
do rabbits climb,
do rabbits miss their owners,
do rabbits need to go to the vet,
do jack rabbits have horns,
do rabbits chew cud,
do rabbits die with their eyes open,
do rabbits bleed before giving birth,
when do rabbits come out,
do rabbits understand kisses,
do rabbits mate with their siblings,
do rabbits have 4 limbs,
do rabbits teeth,
do rabbits pass gas,
do rabbits pee when scared,
when do rabbits give birth,
do rabbits have 4 legs,
which rabbits are best for meat,
do rabbits talk,
do rabbits ruin your lawn,
can 3 rabbits live together,
do rabbits drink a lot of water,
can 2 rabbits live together,
do rabbits wear collars,
do rabbits and squirrels get along,
how much do rabbits shed,
do rabbits tails fall off,
do rabbits breed in the winter,
do rabbits change color in the winter,
do rabbits get zoomies,
do rabbits overeat,
do rabbits yawn,
do rabbits do better in pairs,
does a rabbit eat grass,
do rabbits talk to each other,
do rabbits fart loud,
do rabbits need rabies shots,
do rabbits run,
do rabbits lick you,
do rabbits cuddle,
do rabbits imprint,
who are rabbits predators,
do rabbits make good house pets,
do rabbits urinate,
do rabbits fur change color,
do rabbits eat calibrachoa,
where do rabbits go in the winter time,
how do rabbits hear,
rabbit 9,
do rabbits remember you,
do rabbits know their name,
do rabbits and hamsters get along,
do rabbits turn white in the winter,
do rabbits have 360 degree vision,
do rabbits know when to stop eating,
do rabbits whiskers grow back,
which rabbits are best for pets,
do.rabbits lay eggs,
do rabbits apologize,
do rabbits recognize their name,
do rabbits like quiet,
